LSID,Species Name,Taxon Concept,Taxon Rank,Kingdom,Phylum,Class,Order,Family,Genus,Vernacular Name,Number of records,Invasive
"Anguilla anguilla|NBNSYS0000188599|European Eel|Animalia|Anguillidae","Anguilla anguilla","(Linnaeus, 1758)",,"SPECIES","Animalia","Chordata","Actinopterygii","Anguilliformes","Anguillidae","Anguilla","Anguilla anguilla",,"1",""
"Boloria selene|NHMSYS0021143547|Small Pearl-bordered Fritillary|Animalia|Nymphalidae","Boloria selene","([Denis & Schifferm√ºller], 1775)",,"SPECIES","Animalia","Arthropoda","Insecta","Lepidoptera","Nymphalidae","Boloria","Boloria selene",,"2",""
"Bufo bufo|NHMSYS0000080159|Common Toad|Animalia|Bufonidae","Bufo bufo","(Linnaeus, 1758)",,"SPECIES","Animalia","Chordata","Amphibia","Anura","Bufonidae","Bufo","Bufo bufo",,"5",""
"Coenonympha pamphilus|NHMSYS0000519083|Small Heath|Animalia|Nymphalidae","Coenonympha pamphilus","(Linnaeus, 1758)",,"SPECIES","Animalia","Arthropoda","Insecta","Lepidoptera","Nymphalidae","Coenonympha","Coenonympha pamphilus",,"4",""
"Corvus cornix|NHMSYS0000530314|Hooded Crow|Animalia|Corvidae","Corvus cornix","Linnaeus, 1758",,"SPECIES","Animalia","Chordata","Aves","Passeriformes","Corvidae","Corvus","Corvus cornix",,"3",""
"Cuculus canorus|NHMSYS0000530324|Cuckoo|Animalia|Cuculidae","Cuculus canorus","Linnaeus, 1758",,"SPECIES","Animalia","Chordata","Aves","Cuculiformes","Cuculidae","Cuculus","Cuculus canorus",,"5",""
"Falco tinnunculus|NHMSYS0000530358|Kestrel|Animalia|Falconidae","Falco tinnunculus","Linnaeus, 1758",,"SPECIES","Animalia","Chordata","Aves","Falconiformes","Falconidae","Falco","Falco tinnunculus",,"5",""
"Larus argentatus|NBNSYS0000000038|Herring Gull|Animalia|Laridae","Larus argentatus","Pontoppidan, 1763",,"SPECIES","Animalia","Chordata","Aves","Charadriiformes","Laridae","Larus","Larus argentatus",,"2",""
"Numenius arquata|NBNSYS0000000032|Curlew|Animalia|Scolopacidae","Numenius arquata","(Linnaeus, 1758)",,"SPECIES","Animalia","Chordata","Aves","Charadriiformes","Scolopacidae","Numenius","Numenius arquata",,"1",""
"Passer domesticus|NHMSYS0000530537|House Sparrow|Animalia|Passeridae","Passer domesticus","(Linnaeus, 1758)",,"SPECIES","Animalia","Chordata","Aves","Passeriformes","Passeridae","Passer","Passer domesticus",,"1",""
"Salmo trutta|NBNSYS0000188607|Brown/Sea Trout|Animalia|Salmonidae","Salmo trutta","Linnaeus, 1758",,"SPECIES","Animalia","Chordata","Actinopterygii","Salmoniformes","Salmonidae","Salmo","Salmo trutta",,"1",""
"Sciurus vulgaris|NBNSYS0000005108|Red Squirrel|Animalia|Sciuridae","Sciurus vulgaris","Linnaeus, 1758",,"SPECIES","Animalia","Chordata","Mammalia","Rodentia","Sciuridae","Sciurus","Sciurus vulgaris",,"2",""
"Scoliciosporum umbrinum|BMSSYS0000016782||Fungi|Scoliciosporaceae","Scoliciosporum umbrinum","(Ach.) Arnold",,"SPECIES","Fungi","Ascomycota","Lecanoromycetes","Lecanorales","Scoliciosporaceae","Scoliciosporum","Scoliciosporum umbrinum",,"1",""
"Sorbus arranensis|NHMSYS0000463796|Arran Whitebeam|Plantae|Rosaceae","Sorbus arranensis","Hedl.",,"SPECIES","Plantae","Tracheophyta","Magnoliopsida","Rosales","Rosaceae","Sorbus","Sorbus arranensis",,"10",""
"Turdus philomelos|NHMSYS0000530678|Song Thrush|Animalia|Turdidae","Turdus philomelos","Brehm, CL, 1831",,"SPECIES","Animalia","Chordata","Aves","Passeriformes","Turdidae","Turdus","Turdus philomelos",,"3",""
"Tyto alba|NHMSYS0000530685|Barn Owl|Animalia|Tytonidae","Tyto alba","(Scopoli, 1769)",,"SPECIES","Animalia","Chordata","Aves","Strigiformes","Tytonidae","Tyto","Tyto alba",,"1",""
